Date,Close,chg(close),Low,chg(low),High,chg(high)
01/04/2021 23:58,50.23,50.23,49.97,49.97,51.88,51.88
01/05/2021 23:58,51.87,1.64,50.01,0.04,52.26,0.38
01/06/2021 23:58,52.02,0.15,51.21,1.2,52.37,0.11
01/07/2021 23:58,52.2,0.18,51.89,0.68,52.34,-0.03
01/08/2021 23:58,53.33,1.13,52.31,0.42,53.61,1.27
01/11/2021 23:58,53.33,0,52.66,0.35,53.48,-0.13
01/12/2021 23:58,54.12,0.79,53.35,0.69,54.23,0.75
1/13/2021 23:58:00,54.13,0.01,53.75,0.4,54.82,0.59
1/14/2021 23:58:00,54.43,0.3,53.68,-0.07,54.56,-0.26
1/15/2021 23:58:00,53.53,-0.9,52.97,-0.71,54.5,-0.06
1/19/2021 23:58:00,53.89,0.36,52.93,-0.04,53.93,-0.57
1/20/2021 23:58:00,53.82,-0.07,53.5,0.57,54.25,0.32
1/21/2021 23:58:00,53.79,-0.03,53.41,-0.09,53.83,-0.42
1/22/2021 23:58:00,53.22,-0.57,52.61,-0.8,53.39,-0.44
1/25/2021 23:58:00,53.56,0.34,53.1,0.49,53.51,0.12
1/26/2021 23:58:00,53.36,-0.2,53.19,0.09,53.76,0.25
1/27/2021 23:58:00,53.41,0.05,52.89,-0.3,53.82,0.06
1/28/2021 23:58:00,52.91,-0.5,52.88,-0.01,53.84,0.02
1/29/2021 23:58:00,52.79,-0.12,52.75,-0.13,53.59,-0.25
02/01/2021 23:58,53.92,1.13,52.5,-0.25,53.99,0.4
02/02/2021 23:58,54.8,0.88,54.02,1.52,55.11,1.12
02/03/2021 23:58,55.51,0.71,54.91,0.89,55.71,0.6
02/04/2021 23:58,55.83,0.32,55.36,0.45,55.97,0.26
02/05/2021 23:58,56.27,0.44,56,0.64,56.53,0.56
02/08/2021 23:58,57.36,1.09,56.58,0.58,57.4,0.87
02/09/2021 23:58,57.7,0.34,57.26,0.68,57.78,0.38
02/10/2021 23:58,57.95,0.25,57.53,0.27,58.03,0.25
02/11/2021 23:58,57.64,-0.31,57.41,-0.12,57.95,-0.08
02/12/2021 23:58,58.45,0.81,57.11,-0.3,58.66,0.71
2/16/2021 23:58:00,59.2,0.75,58.66,1.55,59.34,0.68
2/17/2021 23:58:00,59.66,0.46,58.89,0.23,60,0.66
2/18/2021 23:58:00,59.35,-0.31,58.92,0.03,60.46,0.46
2/19/2021 23:58:00,58.73,-0.62,58.19,-0.73,59.38,-1.08
2/22/2021 23:58:00,60.59,1.86,59.12,0.93,61.01,1.63
2/23/2021 23:58:00,60.84,0.25,60.08,0.96,61.72,0.71
2/24/2021 23:58:00,62.38,1.54,60.5,0.42,62.45,0.73
2/25/2021 23:58:00,62.32,-0.06,61.97,1.47,62.87,0.42
2/26/2021 23:58:00,60.6,-1.72,60.5,-1.47,62.06,-0.81
03/01/2021 23:58,59.96,-0.64,59.59,-0.91,61.82,-0.24
03/02/2021 23:58,59.44,-0.52,59,-0.59,60.55,-1.27
03/03/2021 23:58,60.67,1.23,59.13,0.13,61.15,0.6
03/04/2021 23:58,62.64,1.97,60.17,1.04,63.4,2.25
03/05/2021 23:58,64.58,1.94,62.58,2.41,64.75,1.35
03/08/2021 23:58,63.96,-0.62,63.49,0.91,66.13,1.38
03/09/2021 23:58,63.53,-0.43,63.2,-0.29,64.82,-1.31
03/10/2021 23:58,63.7,0.17,62.68,-0.52,64.1,-0.72
03/11/2021 23:58,64.98,1.28,63.9,1.22,65.1,1
03/12/2021 23:58,64.79,-0.19,64.55,0.65,65,-0.1
3/15/2021 23:58:00,64.55,-0.24,63.82,-0.73,65.45,0.45
3/16/2021 23:58:00,64.29,-0.26,63.43,-0.39,64.51,-0.94
3/17/2021 23:58:00,64.32,0.03,63.76,0.33,64.79,0.28
3/18/2021 23:58:00,60.68,-3.64,59.17,-4.59,64.36,-0.43
3/19/2021 23:58:00,61.71,1.03,60.05,0.88,62.03,-2.33
3/22/2021 23:58:00,61.97,0.26,61,0.95,62.14,0.11
3/23/2021 23:58:00,59.15,-2.82,58.86,-2.14,61.51,-0.63
3/24/2021 23:58:00,61.85,2.7,58.89,0.03,61.85,0.34
3/25/2021 23:58:00,59.61,-2.24,58.91,0.02,61.51,-0.34
3/26/2021 23:58:00,61.71,2.1,59.92,1.01,62,0.49
3/29/2021 23:58:00,61.97,0.26,60.46,0.54,62.3,0.3
3/30/2021 23:58:00,61.24,-0.73,60.8,0.34,62.4,0.1
3/31/2021 23:58:00,60.22,-1.02,60.26,-0.54,61.82,-0.58
04/01/2021 23:58,62.49,2.27,60.16,-0.1,62.6,0.78
04/05/2021 23:58,60.37,-2.12,59.46,-0.7,62.32,-0.28
04/06/2021 23:58,61,0.63,60.48,1.02,62.2,-0.12
04/07/2021 23:58,61.24,0.24,60.11,-0.37,61.66,-0.54
04/08/2021 23:58,60.86,-0.38,60.3,0.19,61.13,-0.53
04/09/2021 23:58,60.76,-0.1,60.33,0.03,60.91,-0.22
04/12/2021 23:58,61.15,0.39,60.33,0,61.93,1.02
4/13/2021 23:58:00,61.66,0.51,61.25,0.92,61.94,0.01
4/14/2021 23:58:00,64.14,2.48,62.05,0.8,64.32,2.38
4/15/2021 23:58:00,64.21,0.07,63.6,1.55,64.31,-0.01
4/16/2021 23:58:00,64.02,-0.19,63.86,0.26,64.68,0.37
4/19/2021 23:58:00,64.08,0.06,63.64,-0.22,64.4,-0.28
4/20/2021 23:58:00,63.51,-0.57,62.66,-0.98,64.82,0.42
4/21/2021 23:58:00,62.5,-1.01,62.11,-0.55,63.26,-1.56
4/22/2021 23:58:00,62.65,0.15,61.99,-0.12,63.04,-0.22
4/23/2021 23:58:00,63.3,0.65,62.4,0.41,63.41,0.37
4/26/2021 23:58:00,63.12,-0.18,62.16,-0.24,63.37,-0.04
4/27/2021 23:58:00,63.93,0.81,63.13,0.97,64.19,0.82
4/28/2021 23:58:00,64.69,0.76,63.78,0.65,65.02,0.83
4/29/2021 23:58:00,65.61,0.92,64.83,1.05,65.94,0.92
4/30/2021 23:58:00,64.35,-1.26,64,-0.83,65.48,-0.46
05/03/2021 23:58,65.26,0.91,63.88,-0.12,65.34,-0.14
05/04/2021 23:58,66.52,1.26,65.3,1.42,66.84,1.5
05/05/2021 23:58,66.64,0.12,66.15,0.85,67.39,0.55
05/06/2021 23:58,65.97,-0.67,65.89,-0.26,67,-0.39
05/07/2021 23:58,66.37,0.4,65.4,-0.49,66.5,-0.5
05/10/2021 23:58,66.56,0.19,65.82,0.42,67.3,0.8
05/11/2021 23:58,66.95,0.39,65.59,-0.23,67.09,-0.21
05/12/2021 23:58,67.68,0.73,66.8,1.21,68.11,1.02
5/13/2021 23:58:00,65.46,-2.22,64.9,-1.9,67.28,-0.83
5/14/2021 23:58:00,66.63,1.17,64.98,0.08,66.72,-0.56
5/17/2021 23:58:00,67.23,0.6,66.34,1.36,67.3,0.58
5/18/2021 23:58:00,66.7,-0.53,65.67,-0.67,67.84,0.54
5/19/2021 23:58:00,64.79,-1.91,63.6,-2.07,66.2,-1.64
5/20/2021 23:58:00,63.65,-1.14,63.36,-0.24,65.14,-1.06
5/21/2021 23:58:00,64.85,1.2,63.3,-0.06,65.25,0.11
5/24/2021 23:58:00,66.74,1.89,65.27,1.97,66.87,1.62
5/25/2021 23:58:00,66.73,-0.01,66.76,1.49,66.76,-0.11
5/26/2021 23:58:00,66.98,0.25,66.24,-0.52,67.1,0.34
5/27/2021 23:58:00,67.38,0.4,66.33,0.09,67.42,0.32
5/28/2021 23:58:00,66.9,-0.48,66.84,0.51,67.84,0.42
06/01/2021 23:58,68.32,1.42,68.8,1.96,68.8,0.96
06/02/2021 23:58,69.34,1.02,68.47,-0.33,69.4,0.6
06/03/2021 23:58,69.28,-0.06,68.98,0.51,68.98,-0.42
06/04/2021 23:58,69.87,0.59,68.98,0,70,1.02
06/07/2021 23:58,69.58,-0.29,69.11,0.13,70.06,0.06
06/08/2021 23:58,70.18,0.6,68.96,-0.15,70.31,0.25
06/09/2021 23:58,70.1,-0.08,69.78,0.82,70.58,0.27
06/10/2021 23:58,70.26,0.16,69,-0.78,70.6,0.02
06/11/2021 23:58,70.36,0.1,69.9,0.9,70.52,-0.08
6/14/2021 23:58:00,70.51,0.15,70.32,0.42,71,0.48
6/15/2021 23:58:00,71.37,0.86,70.4,0.08,71.64,0.64
6/16/2021 23:58:00,71.6,0.23,71.22,0.82,72.05,0.41
6/17/2021 23:58:00,70.27,-1.33,69.35,-1.87,71.56,-0.49
6/18/2021 23:58:00,70.63,0.36,69.5,0.15,70.81,-0.75
6/21/2021 23:58:00,71.69,1.06,70.19,0.69,71.74,0.93
6/22/2021 23:58:00,71.85,0.16,71.4,1.21,72.09,0.35
6/23/2021 23:58:00,72.34,0.49,72.1,0.7,72.9,0.81
6/24/2021 23:58:00,72.66,0.32,71.88,-0.22,72.78,-0.12
6/25/2021 23:58:00,73.15,0.49,72.1,0.22,73.13,0.35
6/28/2021 23:58:00,72.1,-1.05,71.92,-0.18,73.25,0.12
6/29/2021 23:58:00,72.25,0.15,71.4,-0.52,72.84,-0.41
6/30/2021 23:58:00,72.37,0.12,72,0.6,73.1,0.26
07/01/2021 23:58,73.44,1.07,72.38,0.38,74.01,0.91
07/02/2021 23:58,73.79,0.35,72.91,0.53,73.93,-0.08
07/06/2021 23:58,71.92,-1.87,71.54,-1.37,75.02,1.09
07/07/2021 23:58,70.96,-0.96,70.15,-1.39,73.25,-1.77
07/08/2021 23:58,71.7,0.74,69.83,-0.32,71.87,-1.38
07/09/2021 23:58,73.11,1.41,71.42,1.59,73.25,1.38
07/12/2021 23:58,72.87,-0.24,71.96,0.54,73.2,-0.05
7/13/2021 23:58:00,74.13,1.26,72.7,0.74,74.24,1.04
7/14/2021 23:58:00,72.46,-1.67,71.7,-1,74.31,0.07
7/15/2021 23:58:00,71.39,-1.07,71.16,-0.54,72.21,-2.1
7/16/2021 23:58:00,71.67,0.28,70.5,-0.66,72.01,-0.2
7/19/2021 23:58:00,66.94,-4.73,66.42,-4.08,71.22,-0.79
7/20/2021 23:58:00,67.61,0.67,65.92,-0.5,67.84,-3.38
7/21/2021 23:58:00,70.31,2.7,67.05,1.13,70.38,2.54
7/22/2021 23:58:00,71.67,1.36,69.77,2.72,71.7,1.32
7/23/2021 23:58:00,71.88,0.21,71.21,1.44,71.95,0.25
7/26/2021 23:58:00,72.06,0.18,70.57,-0.64,72.22,0.27
7/27/2021 23:58:00,71.89,-0.17,71.65,1.08,72.54,0.32
7/28/2021 23:58:00,72.35,0.46,71.95,0.3,72.65,0.11
7/29/2021 23:58:00,73.61,1.26,72.22,0.27,73.65,1
7/30/2021 23:58:00,73.8,0.19,72.95,0.73,74,0.35
08/02/2021 23:58,71.49,-2.31,71,-1.95,73.73,-0.27
08/03/2021 23:58,71.12,-0.37,69.9,-1.1,72.06,-1.67
08/04/2021 23:58,69.32,-1.8,69.07,-0.83,71.43,-0.63
08/05/2021 23:58,70.26,0.94,68.81,-0.26,70.35,-1.08
08/06/2021 23:58,69.87,-0.39,69.43,0.62,71.32,0.97
08/09/2021 23:58,68.16,-1.71,66.93,-2.5,69.05,-2.27
08/10/2021 23:58,69.76,1.6,68.44,1.51,70.26,1.21
08/11/2021 23:58,70.6,0.84,68.32,-0.12,70.71,0.45
08/12/2021 23:58,70.44,-0.16,70,1.68,70.94,0.23
8/13/2021 23:58:00,69.74,-0.7,69.25,-0.75,70.5,-0.44
8/16/2021 23:58:00,68.68,-1.06,67.44,-1.81,69.55,-0.95
8/17/2021 23:58:00,68.12,-0.56,67.97,0.53,69.08,-0.47
8/18/2021 23:58:00,67.26,-0.86,66.3,-1.67,69,-0.08
8/19/2021 23:58:00,65.53,-1.73,64.65,-1.65,66.58,-2.42
8/20/2021 23:58:00,64.28,-1.25,64.09,-0.56,65.84,-0.74
8/23/2021 23:58:00,67.86,3.58,63.92,-0.17,67.93,2.09
8/24/2021 23:58:00,69.78,1.92,67.69,3.77,70,2.07
8/25/2021 23:58:00,70.59,0.81,69.26,1.57,70.69,0.69
8/26/2021 23:58:00,69.57,-1.02,69.19,-0.07,70.45,-0.24
8/27/2021 23:58:00,71.05,1.48,69.89,0.7,71.1,0.65
8/30/2021 23:58:00,71.53,0.48,70.44,0.55,72,0.9
8/31/2021 23:58:00,71,-0.53,70.65,0.21,71.64,-0.36
09/01/2021 23:58,71.03,0.03,69.85,-0.8,71.75,0.11
09/02/2021 23:58,72.41,1.38,70.34,0.49,72.83,1.08
09/03/2021 23:58,71.98,-0.43,71.78,1.44,73.02,0.19
09/07/2021 23:58,71.06,-0.92,70.49,-1.29,72.25,-0.77
09/08/2021 23:58,71.82,0.76,70.95,0.46,72.23,-0.02
09/09/2021 23:58,70.79,-1.03,70.21,-0.74,72.4,0.17
09/10/2021 23:58,72.26,1.47,70.31,0.1,72.42,0.02
9/13/2021 23:58:00,72.9,0.64,72.04,1.73,73.27,0.85
9/14/2021 23:58:00,72.97,0.07,72.49,0.45,73.6,0.33
9/15/2021 23:58:00,74.78,1.81,73.14,0.65,75.42,1.82
9/16/2021 23:58:00,74.98,0.2,73.84,0.7,75.18,-0.24
9/17/2021 23:58:00,74.56,-0.42,73.93,0.09,75.07,-0.11
9/20/2021 23:58:00,73.07,-1.49,72.65,-1.28,74.6,-0.47
9/21/2021 23:58:00,73.57,0.5,72.5,-0.15,74.34,-0.26
9/22/2021 23:58:00,75.39,1.82,73.72,1.22,75.45,1.11
9/23/2021 23:58:00,76.46,1.07,74.81,1.09,76.53,1.08
9/24/2021 23:58:00,77.23,0.77,76.07,1.26,77.4,0.87
9/27/2021 23:58:00,78.72,1.49,77.42,1.35,79.04,1.64
9/28/2021 23:58:00,78.35,-0.37,77.31,-0.11,79.94,0.9
9/29/2021 23:58:00,78.09,-0.26,76.77,-0.54,78.74,-1.2
9/30/2021 23:58:00,78.31,0.22,76.5,-0.27,79.31,0.57
10/01/2021 23:58,79.28,0.97,77.57,1.07,79.41,0.1
10/04/2021 23:58,81.26,1.98,78.76,1.19,82,2.59
10/05/2021 23:58,82.56,1.3,81.2,2.44,83.11,1.11
10/06/2021 23:58,81.08,-1.48,80.59,-0.61,83.44,0.33
10/07/2021 23:58,81.95,0.87,79.08,-1.51,82.5,-0.94
10/08/2021 23:58,82.39,0.44,81.96,2.88,83.43,0.93
10/11/2021 23:58,83.65,1.26,82.56,0.6,84.6,1.17
10/12/2021 23:58,83.42,-0.23,82.72,0.16,84.23,-0.37
10/13/2021 23:58:00,83.18,-0.24,82.21,-0.51,83.69,-0.54
10/14/2021 23:58:00,84,0.82,83.19,0.98,84.53,0.84
10/15/2021 23:58:00,84.86,0.86,84.17,0.98,85.1,0.57
10/18/2021 23:58:00,84.33,-0.53,83.96,-0.21,86.03,0.93
10/19/2021 23:58:00,85.08,0.75,83.71,-0.25,85.4,-0.63
10/20/2021 23:58:00,85.82,0.74,83.63,-0.08,85.89,0.49
10/21/2021 23:58:00,84.61,-1.21,83.36,-0.27,86.12,0.23
10/22/2021 23:58:00,85.53,0.92,83.83,0.47,85.94,-0.18
10/25/2021 23:58:00,85.99,0.46,85.44,1.61,86.72,0.78
10/26/2021 23:58:00,86.4,0.41,85.28,-0.16,86.53,-0.19
10/27/2021 23:58:00,84.58,-1.82,84.05,-1.23,86.27,-0.26
10/28/2021 23:58:00,75.39,-9.19,82.31,-1.74,84.57,-1.7
10/29/2021 23:58:00,75.11,-0.28,74.61,-7.7,75.77,-8.8
11/01/2021 23:58,75.47,0.36,74.69,0.08,75.56,-0.21
11/02/2021 23:58,75.56,0.09,74.99,0.3,75.7,0.14
11/03/2021 23:58,73.66,-1.9,73.05,-1.94,74.71,-0.99
11/04/2021 23:58,73.44,-0.22,73.21,0.16,75.56,0.85
11/05/2021 23:58,75.38,1.94,73.45,0.24,75.55,-0.01
11/08/2021 23:58,75.91,0.53,75.43,1.98,76.06,0.51
11/09/2021 23:58,76.45,0.54,75.75,0.32,76.51,0.45
11/10/2021 23:58,74.92,-1.53,74.67,-1.08,76.73,0.22
11/11/2021 23:58,75.36,0.44,74.47,-0.2,75.49,-1.24
11/12/2021 23:58,74.81,-0.55,74.1,-0.37,75.2,-0.29
11/15/2021 23:58:00,74.81,0,74.03,-0.07,74.9,-0.3
11/16/2021 23:58:00,75.04,0.23,74.6,0.57,75.54,0.64
11/17/2021 23:58:00,73.62,-1.42,73.33,-1.27,74.85,-0.69
11/18/2021 23:58:00,74.57,0.95,73.08,-0.25,74.57,-0.28
11/19/2021 23:58:00,72.75,-1.82,72.49,-0.59,74.97,0.4
11/22/2021 23:58:00,73.79,1.04,72,-0.49,73.83,-1.14
11/23/2021 23:58:00,75.81,2.02,72.99,0.99,76.01,2.18
11/24/2021 23:58:00,75.55,-0.26,75.24,2.25,75.91,-0.1
11/26/2021 13:00:00,67.74,-7.81,67.82,-7.42,75.83,-0.08
11/29/2021 23:58:00,69.48,1.74,68.65,0.83,71.35,-4.48
11/30/2021 23:58:00,65.98,-3.5,64.72,-3.93,70.51,-0.84
12/01/2021 23:58,65.99,0.01,65.77,1.05,68.65,-1.86
12/02/2021 23:58,66.78,0.79,64.14,-1.63,67.28,-1.37
12/03/2021 23:58,67.2,0.42,66.66,2.52,68.77,1.49
12/06/2021 23:58,69.78,2.58,68,1.34,70.2,1.43
12/07/2021 23:58,71.93,2.15,69.9,1.9,72.25,2.05
12/08/2021 23:58,72.62,0.69,71.36,1.46,72.73,0.48
12/09/2021 23:58,71.48,-1.14,70.99,-0.37,73.08,0.35
12/10/2021 23:58,71.84,0.36,71.22,0.23,72.4,-0.68
12/13/2021 23:58:00,71.46,-0.38,71.36,0.14,72.6,0.2
12/14/2021 23:58:00,70.94,-0.52,70.24,-1.12,71.76,-0.84
12/15/2021 23:58:00,70.74,-0.2,69.74,-0.5,71.36,-0.4
12/16/2021 23:58:00,71.4,0.66,70.75,1.01,71.9,0.54
12/17/2021 23:58:00,70.02,-1.38,69.52,-1.23,71.2,-0.7
12/20/2021 23:58:00,68.49,-1.53,66.83,-2.69,69.05,-2.15
12/21/2021 23:58:00,70.5,2.01,68.9,2.07,70.71,1.66
12/22/2021 23:58:00,71.16,0.66,69.9,1,71.33,0.62
12/23/2021 23:58:00,72.18,1.02,70.81,0.91,72.3,0.97
12/27/2021 23:58:00,73.61,1.43,71,0.19,74.03,1.73
12/28/2021 23:58:00,74.02,0.41,73.9,2.9,74.7,0.67
12/29/2021 23:58:00,74.63,0.61,73.67,-0.23,75.06,0.36
12/30/2021 23:58:00,74.96,0.33,74.19,0.52,75.22,0.16
12/31/2021 23:58:00,73.35,-1.61,73.29,-0.9,74.69,-0.53
01/03/2022 23:58,74.59,1.24,73.24,-0.05,74.7,0.01
01/04/2022 23:58,75.59,1,74.59,1.35,75.78,1.08
01/05/2022 23:58,75.75,0.16,75.25,0.66,76.25,0.47
01/06/2022 23:58,76.48,0.73,74.69,-0.56,76.97,0.72
01/07/2022 23:58,76.3,-0.18,76,1.31,77.23,0.26
01/10/2022 23:58,75.73,-0.57,75.47,-0.53,76.76,-0.47
01/11/2022 23:58,77.92,2.19,75.9,0.43,77.98,1.22
01/12/2022 23:58,78.49,0.57,77.68,1.78,78.82,0.84
1/13/2022 23:58:00,78.33,-0.16,77.77,0.09,78.79,-0.03
1/14/2022 23:58:00,79.49,1.16,78.2,0.43,79.71,0.92
1/18/2022 23:58:00,80.7,1.21,79.19,0.99,81.4,1.69
1/19/2022 23:58:00,81.23,0.53,80.85,1.66,81.7,0.3
1/20/2022 23:58:00,81.54,0.31,80.38,-0.47,82.01,0.31
1/21/2022 23:58:00,80.98,-0.56,79.36,-1.02,81.08,-0.93
1/24/2022 23:58:00,79.62,-1.36,78.49,-0.87,81.7,0.62
1/25/2022 23:58:00,80.92,1.3,79.61,1.12,81,-0.7
1/26/2022 23:58:00,81.89,0.97,80.65,1.04,82.4,1.4
1/27/2022 23:58:00,81.18,-0.71,80.89,0.24,82.6,0.2
1/28/2022 23:58:00,81.1,-0.08,80.86,-0.03,82.46,-0.14
1/31/2022 23:58:00,81.62,0.52,81,0.14,81.91,-0.55
02/01/2022 23:58,81.57,-0.05,80.32,-0.68,82.02,0.11
02/02/2022 23:58,81.99,0.42,81.29,0.97,82.75,0.73
02/03/2022 23:58,83.27,1.28,80.98,-0.31,83.34,0.59
02/04/2022 23:58,84.52,1.25,83.39,2.41,84.78,1.44
02/07/2022 23:58,84.55,0.03,84.24,0.85,85.18,0.4
02/08/2022 23:58,83.11,-1.44,82.6,-1.64,84.61,-0.57
02/09/2022 23:58,84.09,0.98,82.56,-0.04,84.44,-0.17
02/10/2022 23:58,84.02,-0.07,83.62,1.06,85.18,0.74
02/11/2022 23:58,85.5,1.48,83.16,-0.46,86.04,0.86
2/14/2022 23:58:00,86.38,0.88,84.56,1.4,86.5,0.46
2/15/2022 23:58:00,83.55,-2.83,82.83,-1.73,85.73,-0.77
2/16/2022 23:58:00,84.46,0.91,82.28,-0.55,84.84,-0.89
2/17/2022 23:58:00,83.54,-0.92,82.76,0.48,84.01,-0.83
2/18/2022 23:58:00,84.25,0.71,82.16,-0.6,84.66,0.65
2/22/2022 23:58:00,85.79,1.54,83.65,1.49,87.74,3.08
2/23/2022 23:58:00,86.56,0.77,85.06,1.41,87.53,-0.21
2/24/2022 23:58:00,86.24,-0.32,85.2,0.14,92.04,4.51
2/25/2022 23:58:00,85.24,-1,84.48,-0.72,88.13,-3.91
2/28/2022 23:58:00,86.85,1.61,86.48,2,89.3,1.17
03/01/2022 23:58,89,2.15,87.16,0.68,90.5,1.2
03/02/2022 23:58,93.28,4.28,89.79,2.63,93.72,3.22
03/03/2022 23:58,93.46,0.18,92.39,2.6,96.31,2.59
03/04/2022 23:58,100.74,7.28,93.87,1.48,100.85,4.54
03/07/2022 23:58,103,2.26,99.72,5.85,108.5,7.65
03/08/2022 23:58,104.33,1.33,102.21,2.49,108.16,-0.34
03/09/2022 23:58,92.15,-12.18,94.92,-7.29,94.92,-13.24
03/10/2022 23:58,92.38,0.23,91.8,-3.12,96.72,1.8
03/11/2022 23:58,109.1,16.72,103.11,11.31,109.67,12.95
3/14/2022 23:58:00,91.96,-17.14,100.66,-2.45,109.03,-0.64
3/15/2022 23:58:00,89.46,-2.5,86.67,-13.99,90.98,-18.05
3/16/2022 23:58:00,87.53,-1.93,87.24,0.57,91.5,0.52
3/17/2022 23:58:00,93.04,5.51,93.08,5.84,93.54,2.04
3/18/2022 23:58:00,94.35,1.31,92.56,-0.52,95.03,1.49
3/21/2022 23:58:00,98.47,4.12,94.9,2.34,99,3.97
3/22/2022 23:58:00,98.19,-0.28,96.96,2.06,100.16,1.16
3/23/2022 23:58:00,101.22,3.03,98.65,1.69,101.61,1.45
3/24/2022 23:58:00,99.14,-2.08,98.07,-0.58,102.4,0.79
3/25/2022 23:58:00,100.61,1.47,96.53,-1.54,100.66,-1.74
3/28/2022 23:58:00,95.28,-5.33,92.5,-4.03,97.97,-2.69
3/29/2022 23:58:00,95.14,-0.14,90.85,-1.65,96.81,-1.16
3/30/2022 23:58:00,98.44,3.3,96.31,5.46,98.43,1.62
3/31/2022 23:58:00,95.51,-2.93,94.71,-1.6,98.3,-0.13
04/01/2022 23:58,97,1.49,94.43,-0.28,97.19,-1.11
04/04/2022 23:58,99.85,2.85,96,1.57,100,2.81
04/05/2022 23:58,99.05,-0.8,97.31,1.31,100.81,0.81
04/06/2022 23:58,95.63,-3.42,95.65,-1.66,100.21,-0.6
04/07/2022 23:58,96.12,0.49,94.39,-1.26,97.36,-2.85
04/08/2022 23:58,97.95,1.83,95.55,1.16,98,0.64
04/11/2022 23:58,98.48,0.53,94.02,-1.53,97.01,-0.99
04/12/2022 23:58,104.64,6.16,98.98,4.96,105.6,8.59
4/13/2022 23:58:00,102.24,-2.4,104.07,5.09,109,3.4
4/14/2022 23:58:00,103.6,1.36,100.38,-3.69,103.8,-5.2
4/18/2022 23:58:00,103.82,0.22,102.14,1.76,105.14,1.34
4/19/2022 23:58:00,99.23,-4.59,99.12,-3.02,103.79,-1.35
4/20/2022 23:58:00,99.74,0.51,98.41,-0.71,100.79,-3
4/21/2022 23:58:00,101.1,1.36,99.9,1.49,102.09,1.3
4/22/2022 23:58:00,98.93,-2.17,97.89,-2.01,100.49,-1.6
4/25/2022 23:58:00,96.07,-2.86,93.92,-3.97,97.89,-2.6
4/26/2022 23:58:00,97.61,1.54,95.45,1.53,98.58,0.69
4/27/2022 23:58:00,97.92,0.31,96.54,1.09,98.44,-0.14
4/28/2022 23:58:00,98.79,0.87,96.39,-0.15,99.05,0.61
4/29/2022 23:58:00,98.14,-0.65,97.6,1.21,100.46,1.41
05/02/2022 23:58,98.78,0.64,95.83,-1.77,99.5,-0.96
05/03/2022 23:58,97.45,-1.33,97.09,1.26,99.09,-0.41
05/04/2022 23:58,101.73,4.28,98.52,1.43,101.92,2.83
05/05/2022 23:58,102,0.27,100.62,2.1,104.11,2.19
05/06/2022 23:58,103.61,1.61,101,0.38,103.99,-0.12
05/09/2022 23:58,98.55,-5.06,97.89,-3.11,104.06,0.07
05/10/2022 23:58,95.84,-2.71,95.59,-2.3,99.01,-5.05
05/11/2022 23:58,100.08,4.24,95.23,-0.36,100.49,1.48
05/12/2022 23:58,99.64,-0.44,98.19,2.96,100.44,-0.05
5/13/2022 23:58:00,102.24,2.6,99.86,1.67,102.28,1.84
5/16/2022 23:58:00,103.37,1.13,103.3,3.44,103.3,1.02
5/17/2022 23:58:00,101.61,-1.76,101.04,-2.26,104.31,1.01
5/18/2022 23:58:00,98.76,-2.85,98.29,-2.75,103.02,-1.29
5/19/2022 23:58:00,101.24,2.48,96.9,-1.39,101.38,-1.64
5/20/2022 23:58:00,101.04,-0.2,100.11,3.21,101.62,0.24
5/23/2022 23:58:00,102.01,0.97,100.72,0.61,102.33,0.71
5/24/2022 23:58:00,102.28,0.27,100.69,-0.03,103.24,0.91
5/25/2022 23:58:00,103.01,0.73,102.3,1.61,103.37,0.13
5/26/2022 23:58:00,105.44,2.43,102.91,0.61,105.88,2.51
5/27/2022 23:58:00,106.2,0.76,104.15,1.24,106.33,0.45
5/31/2022 23:58:00,105.67,-0.53,105.33,1.18,109.8,3.47
06/01/2022 23:58,106.81,1.14,105.83,0.5,107.95,-1.85
06/02/2022 23:58,108.37,1.56,104.07,-1.76,108.91,0.96
06/03/2022 23:58,110.13,1.76,107.43,3.36,111.42,2.51
06/06/2022 23:58,110.26,0.13,111.07,3.64,111.07,-0.35
06/07/2022 23:58,111.85,1.59,110.31,-0.76,112.49,1.42
06/08/2022 23:58,114.19,2.34,112,1.69,115.06,2.57
06/09/2022 23:58,113.78,-0.41,113.39,1.39,114.53,-0.53
06/10/2022 23:58,112.24,-1.54,110.3,-3.09,114.12,-0.41
6/13/2022 23:58:00,112.13,-0.11,109.28,-1.02,113.35,-0.77
6/14/2022 23:58:00,110.72,-1.41,109.21,-0.07,113.98,0.63
6/15/2022 23:58:00,108.92,-1.8,108.63,-0.58,110.97,-3.01
6/16/2022 23:58:00,110.41,1.49,107.19,-1.44,110.65,-0.32
6/17/2022 23:58:00,104.24,-6.17,103.39,-3.8,111.06,0.41
6/21/2022 23:58:00,105.25,1.01,103.65,0.26,106.74,-4.32
6/22/2022 23:58:00,102.43,-2.82,98.95,-4.7,104.81,-1.93
6/23/2022 23:58:00,99.53,-2.9,99,0.05,102.26,-2.55
6/24/2022 23:58:00,101.56,2.03,98.49,-0.51,102.46,0.2
6/27/2022 23:58:00,103.19,1.63,100.41,1.92,103.8,1.34
6/28/2022 23:58:00,106.11,2.92,103.77,3.36,106.33,2.53
6/29/2022 23:58:00,104.36,-1.75,103.91,0.14,107.79,1.46
6/30/2022 23:58:00,100.58,-3.78,100.25,-3.66,104.99,-2.8
07/01/2022 23:58,102.16,1.58,99.8,-0.45,103,-1.99
07/05/2022 23:58,93.3,-8.86,91.88,-7.92,104.51,1.51
07/06/2022 23:58,91.82,-1.48,89.87,-2.01,95.57,-8.94
07/07/2022 23:58,95.54,3.72,90.79,0.92,96.58,1.01
07/08/2022 23:58,98.09,2.55,95.46,4.67,98.45,1.87
07/11/2022 23:58,98.52,0.43,95.24,-0.22,98.69,0.24
07/12/2022 23:58,91.69,-6.83,91.19,-4.05,97.62,-1.07
7/13/2022 23:58:00,92.18,0.49,90.56,-0.63,93.16,-4.46
7/14/2022 23:58:00,90.93,-1.25,91.61,1.05,91.61,-1.55
7/15/2022 23:58:00,92.51,1.58,90.19,-1.42,93.65,2.04
7/18/2022 23:58:00,96.7,4.19,91.29,1.1,97.02,3.37
7/19/2022 23:58:00,97.48,0.78,94.5,3.21,97.68,0.66
7/20/2022 23:58:00,97.36,-0.12,95.67,1.17,97.69,0.01
7/21/2022 23:58:00,95.05,-2.31,93.08,-2.59,96.95,-0.74
7/22/2022 23:58:00,94.04,-1.01,93.5,0.42,96.2,-0.75
7/25/2022 23:58:00,95.92,1.88,92.71,-0.79,96.04,-0.16
7/26/2022 23:58:00,95.34,-0.58,94.92,2.21,97.81,1.77
7/27/2022 23:58:00,97.75,2.41,98.72,3.8,98.73,0.92
7/28/2022 23:58:00,97.74,-0.01,97.01,-1.71,100.2,1.47
7/29/2022 23:58:00,99.62,1.88,97.96,0.95,101.8,1.6
08/01/2022 23:58,96.47,-3.15,95,-2.96,99.51,-2.29
08/02/2022 23:58,97.28,0.81,95.14,0.14,98.47,-1.04
08/03/2022 23:58,94.06,-3.22,94.01,-1.13,99,0.53
08/04/2022 23:58,91.31,-2.75,90.45,-3.56,94.8,-4.2
08/05/2022 23:58,91.92,0.61,89.86,-0.59,93.22,-1.58
08/08/2022 23:58,93.9,1.98,90.56,0.7,94,0.78
08/09/2022 23:58,93.64,-0.26,92.27,1.71,95.53,1.53
08/10/2022 23:58,95.18,1.54,91.43,-0.84,95.47,-0.06
08/11/2022 23:58,97.15,1.97,94.67,3.24,97.7,2.23
08/12/2022 23:58,95.78,-1.37,94.86,0.19,97.72,0.02
8/15/2022 23:58:00,93.4,-2.38,90.93,-3.93,95.5,-2.22
8/16/2022 23:58:00,91.06,-2.34,91.02,0.09,91.02,-4.48
8/17/2022 23:58:00,92.3,1.24,90.34,-0.68,92.99,1.97
8/18/2022 23:58:00,94.68,2.38,91.8,1.46,95.43,2.44
8/19/2022 23:58:00,95.14,0.46,92.7,0.9,96,0.57
8/22/2022 23:58:00,94.88,-0.26,95.47,2.77,95.47,-0.53
8/23/2022 23:58:00,98,3.12,95.14,-0.33,98.18,2.71
8/24/2022 23:58:00,99.11,1.11,97.26,2.12,99.59,1.41
8/25/2022 23:58:00,97.25,-1.86,97.05,-0.21,100.18,0.59
8/26/2022 23:58:00,97.35,0.1,95.65,-1.4,98.59,-1.59
8/29/2022 23:58:00,100.94,3.59,96.61,0.96,101.09,2.5
8/30/2022 23:58:00,96.46,-4.48,96.96,0.35,96.96,-4.13
8/31/2022 23:58:00,94.21,-2.25,93.28,-3.68,97.53,0.57
09/01/2022 23:58,91.32,-2.89,90.86,-2.42,90.86,-6.67
09/02/2022 23:58,91.81,0.49,90.86,0,94,3.14
09/06/2022 23:58,91.97,0.16,91.38,0.52,95.5,1.5
09/07/2022 23:58,87.21,-4.76,86.55,-4.83,92.74,-2.76
09/08/2022 23:58,88.25,1.04,87.36,0.81,87.36,-5.38
09/09/2022 23:58,91.71,3.46,87.36,0,91.96,4.6
09/12/2022 23:58,92.93,1.22,90.25,2.89,93.92,1.96
9/13/2022 23:58:00,92.22,-0.71,90.18,-0.07,94.29,0.37
9/14/2022 23:58:00,93.12,0.9,93.42,3.24,93.42,-0.87
9/15/2022 23:58:00,89.61,-3.51,89.5,-3.92,89.5,-3.92
9/16/2022 23:58:00,90.05,0.44,89.01,-0.49,91.26,1.76
9/19/2022 23:58:00,90.66,0.61,87.24,-1.77,91.08,-0.18
9/20/2022 23:58:00,89.4,-1.26,89.59,2.35,89.59,-1.49
9/21/2022 23:58:00,88.8,-0.6,88.31,-1.28,92.19,2.6
9/22/2022 23:58:00,89.53,0.73,88.28,-0.03,91.74,-0.45
9/23/2022 23:58:00,85.03,-4.5,84.47,-3.81,89.78,-1.96
9/26/2022 23:58:00,82.86,-2.17,82.43,-2.04,86.45,-3.33
9/27/2022 23:58:00,84.87,2.01,82.65,0.22,85.84,-0.61
9/28/2022 23:58:00,88.05,3.18,82.95,0.3,88.21,2.37
9/29/2022 23:58:00,87.18,-0.87,86.18,3.23,88.74,0.53
9/30/2022 23:58:00,85.14,-2.04,84.99,-1.19,88.63,-0.11
10/03/2022 23:58,88.86,3.72,88.89,3.9,88.89,0.26
10/04/2022 23:58,91.8,2.94,88.69,-0.2,92.39,3.5
10/05/2022 23:58,93.37,1.57,90.9,2.21,93.97,1.58
10/06/2022 23:58,94.42,1.05,92.73,1.83,95.01,1.04
10/07/2022 23:58,97.92,3.5,93.93,1.2,98.59,3.58
10/10/2022 23:58,96.19,-1.73,96.15,2.22,96.15,-2.44
10/11/2022 23:58,94.29,-1.9,93.11,-3.04,96.45,0.3
10/12/2022 23:58,92.45,-1.84,91.58,-1.53,95.17,-1.28
10/13/2022 23:58:00,94.57,2.12,94.75,3.17,94.75,-0.42
10/14/2022 23:58:00,91.63,-2.94,91.27,-3.48,95.11,0.36
10/17/2022 23:58:00,91.62,-0.01,90.84,-0.43,93.23,-1.88
10/18/2022 23:58:00,90.03,-1.59,88.77,-2.07,92.65,-0.58
10/19/2022 23:58:00,92.41,2.38,89.38,0.61,92.84,0.19
10/20/2022 23:58:00,92.38,-0.03,91.92,2.54,94.77,1.93
10/21/2022 23:58:00,93.5,1.12,91.02,-0.9,93.8,-0.97
10/24/2022 23:58:00,93.26,-0.24,91.21,0.19,94.44,0.64
10/25/2022 23:58:00,93.52,0.26,91.63,0.42,94.37,-0.07
10/26/2022 23:58:00,95.69,2.17,92.04,0.41,96.19,1.82
10/27/2022 23:58:00,96.96,1.27,95.08,3.04,97.28,1.09
10/28/2022 23:58:00,82.78,-14.18,82,-13.08,83.7,-13.58
10/31/2022 23:58:00,82.29,-0.49,81.19,-0.81,82.94,-0.76
11/01/2022 23:58,83.35,1.06,83.35,2.16,83.86,0.92
11/02/2022 23:58,85.03,1.68,83.29,-0.06,85.1,1.24
11/03/2022 23:58,83.91,-1.12,83.45,0.16,84.76,-0.34
11/04/2022 23:58,86.73,2.82,85.14,1.69,87,2.24
11/07/2022 23:58,86.46,-0.27,85.47,0.33,87.25,0.25
11/08/2022 23:58,84.84,-1.62,84.84,-0.63,86.86,-0.39
11/09/2022 23:58,82.57,-2.27,82.26,-2.58,84.87,-1.99
11/10/2022 23:58,82.83,0.26,81.94,-0.32,83.33,-1.54
11/11/2022 23:58,84.66,1.83,82.96,1.02,84.95,1.62
11/14/2022 23:58:00,83.34,-1.32,83.12,0.16,85.26,0.31
11/15/2022 23:58:00,84.74,1.4,83.19,0.07,86,0.74
11/16/2022 23:58:00,83.38,-1.36,82.87,-0.32,85.18,-0.82
11/17/2022 23:58:00,81.79,-1.59,81.19,-1.68,83.25,-1.93
11/18/2022 23:58:00,81.14,-0.65,79.81,-1.38,82.47,-0.78
11/21/2022 23:58:00,81.76,0.62,78.54,-1.27,81.9,-0.57
11/22/2022 23:58:00,82.06,0.3,81.62,3.08,82.8,0.9
11/23/2022 23:58:00,80.97,-1.09,79.94,-1.68,82.25,-0.55
11/25/2022 13:00:00,80,-0.97,80,0.06,82.35,0.1
11/28/2022 23:58:00,80.49,0.49,78.08,-1.92,80.86,-1.49
11/29/2022 23:58:00,81.11,0.62,80.26,2.18,81.93,1.07
11/30/2022 23:58:00,83.52,2.41,81.39,1.13,83.55,1.62
12/01/2022 23:58,83.3,-0.22,82.94,1.55,84.47,0.92
12/02/2022 23:58,82.87,-0.43,82.22,-0.72,83.57,-0.9
12/05/2022 23:58,80.82,-2.05,80.75,-1.47,84.69,1.12
12/06/2022 23:58,78.36,-2.46,77.94,-2.81,81.13,-3.56
12/07/2022 23:58,76.64,-1.72,76.44,-1.5,79.05,-2.08
12/08/2022 23:58,75.88,-0.76,75.38,-1.06,77.5,-1.55
12/09/2022 23:58,75.89,0.01,75.1,-0.28,76.57,-0.93
12/12/2022 23:58,77.23,1.34,75.06,-0.04,77.58,1.01
12/13/2022 23:58:00,78.58,1.35,77.08,2.02,79.03,1.45
12/14/2022 23:58:00,79.83,1.25,78.17,1.09,80.05,1.02
12/15/2022 23:58:00,78.21,-1.62,78.04,-0.13,79.34,-0.71
12/16/2022 23:58:00,77.06,-1.15,76.28,-1.76,78.38,-0.96
12/19/2022 23:58:00,77.29,0.23,76.8,0.52,78.03,-0.35
12/20/2022 23:58:00,77.91,0.62,76.67,-0.13,78.31,0.28
12/21/2022 23:58:00,79.22,1.31,78.45,1.78,79.43,1.12
12/22/2022 23:58:00,78.32,-0.9,78.2,-0.25,80.18,0.75
12/23/2022 23:58:00,80.96,2.64,78.83,0.63,80.97,0.79
12/27/2022 23:58:00,81.23,0.27,80.75,1.92,82.19,1.22
12/28/2022 23:58:00,80.68,-0.55,79.66,-1.09,81.22,-0.97
12/29/2022 23:58:00,79.81,-0.87,79.06,-0.6,79.92,-1.3
12/30/2022 23:58:00,81.65,1.84,79.45,0.39,81.9,1.98
01/03/2023 23:58,79.05,-2.6,79,-0.45,81.85,-0.05
01/04/2023 23:58,76.25,-2.8,76.24,-2.76,79.56,-2.29
01/05/2023 23:58,76.91,0.66,76.1,-0.14,77.66,-1.9
01/06/2023 23:58,77.02,0.11,76.58,0.48,78.35,0.69
01/09/2023 23:58,78.2,1.18,77.15,0.57,79.14,0.79
01/10/2023 23:58,78.25,0.05,77.7,0.55,78.79,-0.35
01/11/2023 23:58,80.16,1.91,77.84,0.14,80.33,1.54
01/12/2023 23:58,81.17,1.01,79.77,1.93,81.55,1.22
1/13/2023 23:58:00,82.25,1.08,80.7,0.93,82.37,0.82
1/17/2023 23:58:00,82.48,0.23,81.25,0.55,83.09,0.72
1/18/2023 23:58:00,82.06,-0.42,81.64,0.39,83.98,0.89
1/19/2023 23:58:00,82.93,0.87,81.3,-0.34,83.4,-0.58
1/20/2023 23:58:00,84.01,1.08,82.84,1.54,84.01,0.61
1/23/2023 23:58:00,84.55,0.54,83.66,0.82,84.76,0.75
1/24/2023 23:58:00,83.04,-1.51,83,-0.66,84.66,-0.1
1/25/2023 23:58:00,82.79,-0.25,82.39,-0.61,83.58,-1.08
1/26/2023 23:58:00,83.42,0.63,82.6,0.21,84.1,0.52
1/27/2023 23:58:00,82.16,-1.26,81.9,-0.7,84.23,0.13
1/30/2023 23:58:00,80.6,-1.56,80.42,-1.48,82.79,-1.44
1/31/2023 23:58:00,81.79,1.19,79.75,-0.67,81.89,-0.9
02/01/2023 23:58,79.56,-2.23,79.4,-0.35,82.06,0.17
02/02/2023 23:58,79.33,-0.23,79.06,-0.34,80.12,-1.94
02/03/2023 23:58,77.03,-2.3,76.8,-2.26,80.84,0.72
02/06/2023 23:58,77.97,0.94,76.31,-0.49,78.02,-2.82
02/07/2023 23:58,80.13,2.16,78.54,2.23,80.45,2.43
02/08/2023 23:58,81.2,1.07,79.94,1.4,81.22,0.77
02/09/2023 23:58,80.57,-0.63,79.96,0.02,81.25,0.03
02/10/2023 23:58,82.17,1.6,80.15,0.19,82.45,1.2
2/13/2023 23:58:00,82.53,0.36,81.32,1.17,82.64,0.19
2/14/2023 23:58:00,81.94,-0.59,80.89,-0.43,82.23,-0.41
2/15/2023 23:58:00,81.7,-0.24,80.48,-0.41,82,-0.23
2/16/2023 23:58:00,81.55,-0.15,81.18,0.7,82.08,0.08
2/17/2023 23:58:00,79.74,-1.81,78.92,-2.26,80.92,-1.16
2/21/2023 23:58:00,79.87,0.13,79.5,0.58,80.61,-0.31
2/22/2023 23:58:00,78.1,-1.77,78,-1.5,79.87,-0.74
2/23/2023 23:58:00,79.2,1.1,78.07,0.07,79.35,-0.52
2/24/2023 23:58:00,79.82,0.62,78.02,-0.05,79.92,0.57
2/27/2023 23:58:00,78.98,-0.84,78.51,0.49,80.06,0.14
2/28/2023 23:58:00,79.95,0.97,78.86,0.35,80.5,0.44
03/01/2023 23:58,80.75,0.8,79.35,0.49,80.75,0.25
03/02/2023 23:58,81.19,0.44,80.44,1.09,81.24,0.49
03/03/2023 23:58,82.36,1.17,79.43,-1.01,82.45,1.21
03/06/2023 23:58,82.79,0.43,81.26,1.83,82.88,0.43
03/07/2023 23:58,80.34,-2.45,80.16,-1.1,83.23,0.35
03/08/2023 23:58,79.73,-0.61,79.28,-0.88,80.6,-2.63
03/09/2023 23:58,78.67,-1.06,78.43,-0.85,80.65,0.05
03/10/2023 23:58,79.61,0.94,77.98,-0.45,79.87,-0.78
3/13/2023 23:58:00,77.98,-1.63,75.8,-2.18,79.85,-0.02
3/14/2023 23:58:00,75.12,-2.86,74.61,-1.19,77.46,-2.39
3/15/2023 23:58:00,71.81,-3.31,70.17,-4.44,75.99,-1.47
3/16/2023 23:58:00,72.77,0.96,70.38,0.21,73.21,-2.78
3/17/2023 23:58:00,71.6,-1.17,70.45,0.07,74.06,0.85
3/20/2023 23:58:00,72.43,0.83,69.58,-0.87,72.46,-1.6
3/21/2023 23:58:00,73.51,1.08,71.76,2.18,73.65,1.19
3/22/2023 23:58:00,74.69,1.18,72.94,1.18,74.82,1.17
3/23/2023 23:58:00,74.02,-0.67,73.42,0.48,75.22,0.4
3/24/2023 23:58:00,73.26,-0.76,71.37,-2.05,73.93,-1.29
3/27/2023 23:58:00,76.21,2.95,72.99,1.62,76.39,2.46
3/28/2023 23:58:00,76.41,0.2,75.84,2.85,76.89,0.5
3/29/2023 23:58:00,75.9,-0.51,75.65,-0.19,77.05,0.16
3/30/2023 23:58:00,76.79,0.89,75.8,0.15,76.98,-0.07
3/31/2023 23:58:00,77.91,1.12,76.16,0.36,77.91,0.93
04/03/2023 23:58,81.5,3.59,80.44,4.28,82.59,4.68
04/04/2023 23:58,81.47,-0.03,80.58,0.14,82.37,-0.22
04/05/2023 23:58,81.55,0.08,80.82,0.24,81.96,-0.41
04/06/2023 23:58,81.48,-0.07,80.84,0.02,81.68,-0.28
04/10/2023 23:58,80.81,-0.67,80.7,-0.14,81.82,0.14
04/11/2023 23:58,82.02,1.21,80.49,-0.21,82.04,0.22
04/12/2023 23:58,83.34,1.32,81.84,1.35,83.44,1.4
4/13/2023 23:58:00,82.62,-0.72,82.62,0.78,83.51,0.07
4/14/2023 23:58:00,82.86,0.24,82.22,-0.4,83.2,-0.31
4/17/2023 23:58:00,81.72,-1.14,81.46,-0.76,82.8,-0.4
4/18/2023 23:58:00,81.79,0.07,81.18,-0.28,82.37,-0.43
4/19/2023 23:58:00,80.31,-1.48,79.79,-1.39,81.66,-0.71
4/20/2023 23:58:00,78.52,-1.79,78.27,-1.52,79.73,-1.93
4/21/2023 23:58:00,79.34,0.82,78,-0.27,79.41,-0.32
4/24/2023 23:58:00,80.36,1.02,78.35,0.35,80.49,1.08
4/25/2023 23:58:00,78.38,-1.98,78.11,-0.24,80.54,0.05
4/26/2023 23:58:00,76.03,-2.35,75.83,-2.28,79.11,-1.43
4/27/2023 23:58:00,76.22,0.19,75.52,-0.31,76.45,-2.66
4/28/2023 23:58:00,78.08,1.86,75.66,0.14,78.1,1.65
05/01/2023 23:58,77.09,-0.99,76.22,0.56,77.44,-0.66
05/02/2023 23:58,73.58,-3.51,73.46,-2.76,77.16,-0.28
05/03/2023 23:58,71.15,-2.43,70.66,-2.8,73.63,-3.53
05/04/2023 23:58,71.12,-0.03,70,-0.66,72.11,-1.52
05/05/2023 23:58,73.69,2.57,71.4,1.4,73.8,1.69
05/08/2023 23:58,75.36,1.67,73.69,2.29,75.51,1.71
05/09/2023 23:58,75.88,0.52,73.76,0.07,75.9,0.39
05/10/2023 23:58,75,-0.88,75.26,1.5,75.26,-0.64
05/11/2023 23:58,73.41,-1.59,73.21,-2.05,75.7,0.44
05/12/2023 23:58,72.51,-0.9,72.47,-0.74,74.1,-1.6
5/15/2023 23:58:00,73.64,1.13,72,-0.47,74.04,-0.06
5/16/2023 23:58:00,73.35,-0.29,73.21,1.21,74.13,0.09
5/17/2023 23:58:00,75.46,2.11,72.77,-0.44,75.53,1.4
5/18/2023 23:58:00,74.66,-0.8,74.66,1.89,75.47,-0.06
5/19/2023 23:58:00,74.17,-0.49,73.82,-0.84,76.01,0.54
5/22/2023 23:58:00,74.47,0.3,73.29,-0.53,74.81,-1.2
5/23/2023 23:58:00,75.33,0.86,74.14,0.85,76.04,1.23
5/24/2023 23:58:00,76.73,1.4,75.56,1.42,76.84,0.8
5/25/2023 23:58:00,74.74,-1.99,73.72,-1.84,76.74,-0.1
5/26/2023 23:58:00,75.64,0.9,74.53,0.81,75.84,-0.9
5/30/2023 23:58:00,72.64,-3,72.33,-2.2,76.34,0.5
5/31/2023 23:58:00,71.63,-1.01,70.8,-1.53,72.73,-3.61
06/01/2023 23:58,73.3,1.67,73.6,2.8,73.6,0.87
06/02/2023 23:58,74.95,1.65,73.6,0,75.23,1.63
06/05/2023 23:58,75.26,0.31,74.91,1.31,77.55,2.32
06/06/2023 23:58,74.87,-0.39,73.52,-1.39,75.3,-2.25
06/07/2023 23:58,75.67,0.8,74.35,0.83,76.17,0.87
06/08/2023 23:58,74.71,-0.96,72.68,-1.67,76.27,0.1
06/09/2023 23:58,73.87,-0.84,73.86,1.18,75.26,-1.01
06/12/2023 23:58,71.17,-2.7,71.01,-2.85,73.6,-1.66
6/13/2023 23:58:00,73.5,2.33,71.38,0.37,73.78,0.18
6/14/2023 23:58:00,72.46,-1.04,72.32,0.94,74.44,0.66
6/15/2023 23:58:00,74.91,2.45,72.17,-0.15,75.13,0.69
6/16/2023 23:58:00,75.78,0.87,74.46,2.29,75.85,0.72
6/20/2023 23:58:00,74.99,-0.79,73.89,-0.57,76.02,0.17
6/21/2023 23:58:00,76.23,1.24,74.68,0.79,76.23,0.21
6/22/2023 23:58:00,73.79,-2.44,73.33,-1.35,76.18,-0.05
6/23/2023 23:58:00,73.56,-0.23,72.05,-1.28,73.6,-2.58
6/26/2023 23:58:00,73.91,0.35,73.19,1.14,74.49,0.89
6/27/2023 23:58:00,72.47,-1.44,72.38,-0.81,74.52,0.03
6/28/2023 23:58:00,74.11,1.64,72.15,-0.23,74.21,-0.31
6/29/2023 23:58:00,74.2,0.09,73.43,1.28,74.8,0.59
6/30/2023 23:58:00,74.91,0.71,74.08,0.65,75.23,0.43
07/03/2023 13:00,73.94,-0.97,73.88,-0.2,75.88,0.65
07/05/2023 23:58,75.78,1.84,74.26,0.38,76.04,0.16
07/06/2023 23:58,75.47,-0.31,74.19,-0.07,76,-0.04
07/07/2023 23:58,77.17,1.7,75.21,1.02,77.18,1.18
07/10/2023 23:58,76.61,-0.56,76.29,1.08,77.52,0.34
07/11/2023 23:58,78.23,1.62,76.73,0.44,78.29,0.77
07/12/2023 23:58,78.98,0.75,78.08,1.35,79.24,0.95
7/13/2023 23:58:00,80.1,1.12,78.86,0.78,80.37,1.13
7/14/2023 23:58:00,78.81,-1.29,78.54,-0.32,80.3,-0.07
7/17/2023 23:58:00,77.79,-1.02,77.71,-0.83,79.37,-0.93
7/18/2023 23:58:00,78.92,1.13,77.68,-0.03,79.15,-0.22
7/19/2023 23:58:00,78.83,-0.09,78.63,0.95,80,0.85
7/20/2023 23:58:00,78.99,0.16,78.14,-0.49,79.55,-0.45
7/21/2023 23:58:00,80.17,1.18,79.2,1.06,80.33,0.78
7/24/2023 23:58:00,81.64,1.47,79.57,0.37,82.02,1.69
7/25/2023 23:58:00,82.3,0.66,81.18,1.61,82.5,0.48
7/26/2023 23:58:00,81.72,-0.58,81.41,0.23,82.34,-0.16
7/27/2023 23:58:00,82.84,1.12,81.75,0.34,83.13,0.79
7/28/2023 23:58:00,83.44,0.6,82.06,0.31,83.54,0.41
7/31/2023 23:58:00,84.46,1.02,82.99,0.93,84.59,1.05
08/01/2023 23:58,84.02,-0.44,83.65,0.66,84.46,-0.13
08/02/2023 23:58,82.41,-1.61,82,-1.65,84.98,0.52
08/03/2023 23:58,84.25,1.84,81.89,-0.11,84.5,-0.48
08/04/2023 23:58,85.32,1.07,84.2,2.31,85.61,1.11
08/07/2023 23:58,84.54,-0.78,84.31,0.11,85.72,0.11
08/08/2023 23:58,85.24,0.7,82.74,-1.57,85.28,-0.44
08/09/2023 23:58,86.41,1.17,84.99,2.25,86.43,1.15
08/10/2023 23:58,85.38,-1.03,85.16,0.17,86.71,0.28
08/11/2023 23:58,85.59,0.21,84.98,-0.18,86.07,-0.64
8/14/2023 23:58:00,84.94,-0.65,84.45,-0.53,85.38,-0.69
8/15/2023 23:58:00,83.77,-1.17,83.23,-1.22,85.34,-0.04
8/16/2023 23:58:00,82.6,-1.17,82.51,-0.72,84.34,-1
8/17/2023 23:58:00,83.24,0.64,82.19,-0.32,83.97,-0.37
8/18/2023 23:58:00,83.94,0.7,82.53,0.34,84.13,0.16
8/21/2023 23:58:00,83.7,-0.24,83.63,1.1,84.97,0.84
8/22/2023 23:58:00,83.35,-0.35,83.14,-0.49,83.93,-1.04
8/23/2023 23:58:00,82.55,-0.8,81.46,-1.68,83.51,-0.42
8/24/2023 23:58:00,82.57,0.02,81.35,-0.11,82.85,-0.66
8/25/2023 23:58:00,83.56,0.99,81.91,0.56,83.92,1.07
8/28/2023 23:58:00,83.48,-0.08,83.16,1.25,84.27,0.35
8/29/2023 23:58:00,84.44,0.96,82.85,-0.31,84.55,0.28
8/30/2023 23:58:00,84.75,0.31,84.12,1.27,85.15,0.6
8/31/2023 23:58:00,86.23,1.48,84.63,0.51,86.27,1.12
09/01/2023 23:58,87.8,1.57,86.21,1.58,88.18,1.91
09/05/2023 23:58,89.35,1.55,87.39,1.18,90.38,2.2
09/06/2023 23:58,89.86,0.51,88.63,1.24,90.35,-0.03
09/07/2023 23:58,89.25,-0.61,88.82,0.19,90.15,-0.2
09/08/2023 23:58,90.03,0.78,88.64,-0.18,90.33,0.18
09/11/2023 23:58,90.04,0.01,89.53,0.89,90.84,0.51
09/12/2023 23:58,91.33,1.29,89.94,0.41,91.67,0.83
9/13/2023 23:58:00,91.2,-0.13,90.94,1,92.02,0.35
9/14/2023 23:58:00,92.94,1.74,91.34,0.4,93.4,1.38
9/15/2023 23:58:00,93.04,0.1,91.94,0.6,93.81,0.41
9/18/2023 23:58:00,93.29,0.25,92.68,0.74,93.9,0.09
9/19/2023 23:58:00,93.14,-0.15,92.98,0.3,94.58,0.68
9/20/2023 23:58:00,92.35,-0.79,91.69,-1.29,93.52,-1.06
9/21/2023 23:58:00,92.26,-0.09,91.12,-0.57,93.43,-0.09
9/22/2023 23:58:00,91.96,-0.3,91.6,0.48,93.38,-0.05
9/25/2023 23:58:00,91.88,-0.08,91.21,-0.39,92.73,-0.65
9/26/2023 23:58:00,92.43,0.55,90.43,-0.78,92.71,-0.02
9/27/2023 23:58:00,94.36,1.93,92.52,2.09,94.8,2.09
9/28/2023 23:58:00,93.1,-1.26,92.76,0.24,95.34,0.54
9/29/2023 23:58:00,92.2,-0.9,91.95,-0.81,94.14,-1.2
10/02/2023 23:58,90.71,-1.49,90.35,-1.6,93.32,-0.82
10/03/2023 23:58,90.92,0.21,89.52,-0.83,91.56,-1.76
10/04/2023 23:58,85.81,-5.11,85.73,-3.79,91.19,-0.37
10/05/2023 23:58,84.07,-1.74,83.84,-1.89,86.51,-4.68
10/06/2023 23:58,84.58,0.51,83.45,-0.39,84.96,-1.55
10/09/2023 23:58,88.15,3.57,86.07,2.62,89,4.04
10/10/2023 23:58,87.65,-0.5,86.92,0.85,88.47,-0.53
10/11/2023 23:58,85.82,-1.83,85.22,-1.7,88.25,-0.22
10/12/2023 23:58,86,0.18,85.18,-0.04,87.64,-0.61
10/13/2023 23:58:00,90.89,4.89,86.28,1.1,90.99,3.35
10/16/2023 23:58:00,89.65,-1.24,89.49,3.21,91.39,0.4
10/17/2023 23:58:00,89.9,0.25,88.87,-0.62,90.92,-0.47
10/18/2023 23:58:00,91.5,1.6,90.6,1.73,92.97,2.05
10/19/2023 23:58:00,92.38,0.88,89.53,-1.07,93.47,0.5
10/20/2023 23:58:00,92.16,-0.22,91.68,2.15,93.79,0.32
10/23/2023 23:58:00,89.83,-2.33,89.62,-2.06,92.43,-1.36
10/24/2023 23:58:00,88.07,-1.76,87.35,-2.27,90.67,-1.76
10/25/2023 23:58:00,90.13,2.06,86.67,-0.68,90.34,-0.33
10/26/2023 23:58:00,87.93,-2.2,87.55,0.88,90.36,0.02
10/27/2023 23:58:00,90.48,2.55,87.84,0.29,90.74,0.38
10/30/2023 23:58:00,87.45,-3.03,87.22,-0.62,90.3,-0.44
10/31/2023 23:58:00,87.42,-0.03,87.42,0.2,88.53,-1.77
11/02/2023 23:58,86.94,-0.48,86.86,-0.56,86.94,-1.59
11/03/2023 23:58,84.89,-2.05,84.55,-2.31,87.78,0.84
11/06/2023 23:58,85.18,0.29,84.91,0.36,86.45,-1.33
11/07/2023 23:58,81.61,-3.57,81.42,-3.49,85.32,-1.13
11/08/2023 23:58,79.54,-2.07,79.16,-2.26,81.93,-3.39
11/09/2023 23:58,80.01,0.47,79.44,0.28,81.48,-0.45
11/10/2023 23:58,81.43,1.42,79.61,0.17,82.05,0.57
11/13/2023 23:58:00,82.52,1.09,80.41,0.8,82.82,0.77
11/14/2023 23:58:00,82.47,-0.05,82.05,1.64,83.97,1.15
11/15/2023 23:58:00,81.18,-1.29,80.8,-1.25,83.01,-0.96
11/16/2023 23:58:00,77.42,-3.76,76.6,-4.2,81.16,-1.85
11/17/2023 23:58:00,80.61,3.19,77.28,0.68,80.8,-0.36
11/20/2023 23:58:00,82.32,1.71,79.97,2.69,82.93,2.13
11/21/2023 23:58:00,82.45,0.13,81.41,1.44,82.53,-0.4
11/22/2023 23:58:00,81.96,-0.49,78.41,-3,82.63,0.1
11/24/2023 13:00:00,80.58,-1.38,80.18,1.77,82.2,-0.43
11/27/2023 23:58:00,79.98,-0.6,79.13,-1.05,81.18,-1.02
11/28/2023 23:58:00,81.68,1.7,79.83,0.7,82.18,1
11/29/2023 23:58:00,83.1,1.42,80.96,1.13,83.24,1.06
11/30/2023 23:58:00,80.86,-2.24,82.67,1.71,84.71,1.47
12/01/2023 23:58,78.88,-1.98,78.75,-3.92,81.52,-3.19
12/04/2023 23:58,78.03,-0.85,77.52,-1.23,79.66,-1.86
12/05/2023 23:58,77.2,-0.83,76.98,-0.54,79.07,-0.59
12/06/2023 23:58,74.3,-2.9,74.11,-2.87,77.63,-1.44
12/07/2023 23:58,74.05,-0.25,73.61,-0.5,75.48,-2.15
12/08/2023 23:58,75.84,1.79,74.23,0.62,76.36,0.88
12/11/2023 23:58,76.03,0.19,75,0.77,76.48,0.12
12/12/2023 23:58,73.24,-2.79,72.86,-2.14,76.64,0.16
12/13/2023 23:58:00,74.26,1.02,72.3,-0.56,74.7,-1.94
12/14/2023 23:58:00,77.12,2.86,74.46,2.16,77.35,2.65
12/15/2023 23:58:00,77.03,-0.09,76.32,1.86,77.67,0.32
12/18/2023 23:58:00,78.11,1.08,76.38,0.06,79.74,2.07
12/19/2023 23:58:00,79.37,1.26,77.54,1.16,79.77,0.03
12/20/2023 23:58:00,79.42,0.05,79.11,1.57,80.62,0.85
12/21/2023 23:58:00,78.79,-0.63,77.76,-1.35,79.59,-1.03
12/22/2023 23:58:00,78.33,-0.46,78.24,0.48,79.6,0.01
12/26/2023 23:58:00,80.23,1.9,78.22,-0.02,80.7,1.1
12/27/2023 23:58:00,79.09,-1.14,78.91,0.69,80.21,-0.49
12/28/2023 23:58:00,76.82,-2.27,76.8,-2.11,79.34,-0.87
12/29/2023 23:58:00,76.64,-0.18,76.44,-0.36,77.48,-1.86
01/02/2024 23:58,75.89,-0.75,75.6,-0.84,79.04,1.56
01/03/2024 23:58,78.25,2.36,74.79,-0.81,78.67,-0.37
01/04/2024 23:58,77.59,-0.66,76.5,1.71,79.4,0.73
01/05/2024 23:58,78.14,0.55,77.14,0.64,78.5,-0.9
01/08/2024 23:58,75.6,-2.54,74.95,-2.19,77.47,-1.03
01/09/2024 23:58,76.81,1.21,75.41,0.46,77.34,-0.13
01/10/2024 23:58,75.89,-0.92,75.73,0.32,77.71,0.37
